sulfur,genotype,cpd,batch,value,relative
S1500,wt,G01,1,0.852099699,114.9955592
S1500,wt,G01,2,0.756365834,102.0757455
S1500,wt,G01,3,0.791264646,106.7855328
S1500,wt,G01,4,0.677825871,91.4763439
S1500,wt,G01,5,0.627368319,84.66681859
S1500,bglu28bglu30,G01,1,0.656392603,88.58380605
S1500,bglu28bglu30,G01,2,0.804916634,108.627944
S1500,bglu28bglu30,G01,3,0.964219453,130.126739
S1500,bglu28bglu30,G01,4,0.938765792,126.691627
S1500,bglu28bglu30,G01,5,0.752271026,101.5231286
S150,wt,G01,1,0.323964604,43.72081212
S150,wt,G01,2,0.018365246,2.478491385
S150,wt,G01,3,0.065274709,8.80918242
S150,wt,G01,4,0.132838187,17.92724674
S150,wt,G01,5,0.111107526,14.99457411
S150,bglu28bglu30,G01,1,0.131619653,17.76279896
S150,bglu28bglu30,G01,2,0.119265476,16.09553447
S150,bglu28bglu30,G01,3,0.20543509,27.72459974
S150,bglu28bglu30,G01,4,0.156529596,21.12453322
S150,bglu28bglu30,G01,5,0.244178569,32.95324608
S15,wt,G01,1,0.000257207,0.034711514
S15,wt,G01,2,0.000239937,0.032380821
S15,wt,G01,3,0.000253091,0.034156037
S15,wt,G01,4,0.000258884,0.034937869
S15,wt,G01,5,0.000244275,0.03296621
S15,bglu28bglu30,G01,1,0.007895513,1.065543125
S15,bglu28bglu30,G01,2,0.010239382,1.381861093
S15,bglu28bglu30,G01,3,0.017309398,2.335998899
S15,bglu28bglu30,G01,4,0.00842143,1.136518513
S15,bglu28bglu30,G01,5,0.012125306,1.636377037
S0,wt,G01,1,0.000232937,0.031436136
S0,wt,G01,2,0.000247756,0.033436009
S0,wt,G01,3,0.002328136,0.314194751
S0,wt,G01,4,0.000258917,0.034942248
S0,wt,G01,5,0.035028543,4.727295246
S0,bglu28bglu30,G01,1,0.014988873,2.022831208
S0,bglu28bglu30,G01,2,0.006407196,0.864686521
S0,bglu28bglu30,G01,3,0.01397749,1.886339435
S0,bglu28bglu30,G01,4,0.00546244,0.737186409
S0,bglu28bglu30,G01,5,0.010161654,1.371371368
S1500,wt,G02,1,6.597912982,102.2105953
S1500,wt,G02,2,6.841853035,105.9895566
S1500,wt,G02,3,6.25809835,96.94640706
S1500,wt,G02,4,6.431452936,99.63190404
S1500,wt,G02,5,6.146754292,95.22153702
S1500,bglu28bglu30,G02,1,7.429436672,115.0920218
S1500,bglu28bglu30,G02,2,8.012169507,124.1193415
S1500,bglu28bglu30,G02,3,8.57406065,132.8237952
S1500,bglu28bglu30,G02,4,7.603865871,117.794166
S1500,bglu28bglu30,G02,5,6.962149507,107.8531117
S150,wt,G02,1,2.873433509,44.51337117
S150,wt,G02,2,0.372357179,5.768316291
S150,wt,G02,3,0.600969038,9.309823171
S150,wt,G02,4,1.13478603,17.57937032
S150,wt,G02,5,1.270557958,19.68266111
S150,bglu28bglu30,G02,1,2.52171631,39.06479607
S150,bglu28bglu30,G02,2,1.689073742,26.16603661
S150,bglu28bglu30,G02,3,2.445523092,37.88446009
S150,bglu28bglu30,G02,4,2.224780628,34.46486079
S150,bglu28bglu30,G02,5,2.459337494,38.09846386
S15,wt,G02,1,0.001899796,0.029430405
S15,wt,G02,2,0.002059523,0.031904798
S15,wt,G02,3,0.003604979,0.055845992
S15,wt,G02,4,0.001912184,0.029622322
S15,wt,G02,5,0.005576155,0.086382178
S15,bglu28bglu30,G02,1,1.619001413,25.08052146
S15,bglu28bglu30,G02,2,0.822040273,12.73451558
S15,bglu28bglu30,G02,3,0.892171577,13.82094432
S15,bglu28bglu30,G02,4,0.38830828,6.015420413
S15,bglu28bglu30,G02,5,0.913797674,14.15596181
S0,wt,G02,1,0.107154719,1.65997151
S0,wt,G02,2,0.026667712,0.413118928
S0,wt,G02,3,0.025184354,0.390139696
S0,wt,G02,4,0.001111219,0.017214285
S0,wt,G02,5,0.820908399,12.71698133
S0,bglu28bglu30,G02,1,0.964772651,14.94563314
S0,bglu28bglu30,G02,2,0.76478736,11.84759052
S0,bglu28bglu30,G02,3,1.294795635,20.0581355
S0,bglu28bglu30,G02,4,0.410909371,6.365541882
S0,bglu28bglu30,G02,5,0.673568099,10.4344808
S1500,wt,G03,1,0.532215855,94.63146974
S1500,wt,G03,2,0.619305213,110.1165288
S1500,wt,G03,3,0.573455532,101.9641549
S1500,wt,G03,4,0.58427899,103.8886366
S1500,wt,G03,5,0.502789158,89.39921001
S1500,bglu28bglu30,G03,1,0.54164669,96.30833404
S1500,bglu28bglu30,G03,2,0.611954204,108.8094713
S1500,bglu28bglu30,G03,3,0.743533839,132.2051933
S1500,bglu28bglu30,G03,4,0.639625885,113.7296775
S1500,bglu28bglu30,G03,5,0.580319429,103.1846007
S150,wt,G03,1,0.292664529,52.03767279
S150,wt,G03,2,0.042085458,7.483070438
S150,wt,G03,3,0.063269531,11.24973762
S150,wt,G03,4,0.115522976,20.54074286
S150,wt,G03,5,0.145287813,25.83312613
S150,bglu28bglu30,G03,1,0.239915503,42.65855006
S150,bglu28bglu30,G03,2,0.142410305,25.3214862
S150,bglu28bglu30,G03,3,0.220549916,39.21522163
S150,bglu28bglu30,G03,4,0.171968862,30.57719159
S150,bglu28bglu30,G03,5,0.241919873,43.01494019
S15,wt,G03,1,0.000257207,0.045733104
S15,wt,G03,2,0.000239937,0.042662369
S15,wt,G03,3,0.000253091,0.045001251
S15,wt,G03,4,0.000258884,0.046031331
S15,wt,G03,5,0.000244275,0.043433631
S15,bglu28bglu30,G03,1,0.210599972,37.44605641
S15,bglu28bglu30,G03,2,0.11331907,20.14887392
S15,bglu28bglu30,G03,3,0.148520337,26.40788997
S15,bglu28bglu30,G03,4,0.081794229,14.5435504
S15,bglu28bglu30,G03,5,0.172437771,30.66056664
S0,wt,G03,1,0.00675133,1.200430747
S0,wt,G03,2,0.000247756,0.0440526
S0,wt,G03,3,0.000256912,0.04568062
S0,wt,G03,4,0.000258917,0.0460371
S0,wt,G03,5,0.061400012,10.91732489
S0,bglu28bglu30,G03,1,0.157622675,28.02634537
S0,bglu28bglu30,G03,2,0.097281357,17.2972633
S0,bglu28bglu30,G03,3,0.165478745,29.42320623
S0,bglu28bglu30,G03,4,0.119931181,21.32455053
S0,bglu28bglu30,G03,5,0.125635613,22.3388361
S1500,wt,G04,1,0.390691446,94.82355729
S1500,wt,G04,2,0.458588873,111.3027396
S1500,wt,G04,3,0.50874324,123.4755567
S1500,wt,G04,4,0.45974043,111.5822305
S1500,wt,G04,5,0.24233298,58.81591593
S1500,bglu28bglu30,G04,1,0.419577819,101.8344829
S1500,bglu28bglu30,G04,2,0.601406755,145.9656425
S1500,bglu28bglu30,G04,3,0.564250855,136.9476447
S1500,bglu28bglu30,G04,4,0.447454678,108.6003924
S1500,bglu28bglu30,G04,5,0.273259649,66.3220357
S150,wt,G04,1,0.329401278,79.94800328
S150,wt,G04,2,0.087911438,21.33672322
S150,wt,G04,3,0.173040437,41.99812909
S150,wt,G04,4,0.176821238,42.91575613
S150,wt,G04,5,0.238763357,57.94954332
S150,bglu28bglu30,G04,1,0.254696257,61.81656997
S150,bglu28bglu30,G04,2,0.16500432,40.04770718
S150,bglu28bglu30,G04,3,0.283801947,68.88072529
S150,bglu28bglu30,G04,4,0.233103055,56.57574832
S150,bglu28bglu30,G04,5,0.274769388,66.68845996
S15,wt,G04,1,0.000257207,0.062425962
S15,wt,G04,2,0.000239937,0.058234391
S15,wt,G04,3,0.000253091,0.061426979
S15,wt,G04,4,0.000258884,0.062833044
S15,wt,G04,5,0.000244275,0.059287168
S15,bglu28bglu30,G04,1,0.090010849,21.84626513
S15,bglu28bglu30,G04,2,0.042444113,10.30148433
S15,bglu28bglu30,G04,3,0.054856184,13.31398109
S15,bglu28bglu30,G04,4,0.039020781,9.470617546
S15,bglu28bglu30,G04,5,0.063395276,15.38647871
S0,wt,G04,1,0.000232937,0.056535449
S0,wt,G04,2,0.000247756,0.060132064
S0,wt,G04,3,0.000256912,0.062354321
S0,wt,G04,4,0.003272863,0.79434691
S0,wt,G04,5,0.000256702,0.062303404
S0,bglu28bglu30,G04,1,0.05461879,13.25636374
S0,bglu28bglu30,G04,2,0.036551361,8.871271908
S0,bglu28bglu30,G04,3,0.087442909,21.22300805
S0,bglu28bglu30,G04,4,0.017387201,4.219995882
S0,bglu28bglu30,G04,5,0.043342534,10.51953741
S1500,wt,G05,1,0.75932671,80.59047558
S1500,wt,G05,2,1.057835397,112.2724337
S1500,wt,G05,3,1.067854066,113.3357564
S1500,wt,G05,4,0.955091925,101.3678452
S1500,wt,G05,5,0.870912062,92.43348913
S1500,bglu28bglu30,G05,1,0.952036379,101.0435475
S1500,bglu28bglu30,G05,2,0.914493897,97.05900908
S1500,bglu28bglu30,G05,3,1.11005993,117.8152387
S1500,bglu28bglu30,G05,4,0.97156392,103.116086
S1500,bglu28bglu30,G05,5,1.017219183,107.9616673
S150,wt,G05,1,0.756406437,80.28053489
S150,wt,G05,2,0.242747854,25.76383094
S150,wt,G05,3,0.284460525,30.19096876
S150,wt,G05,4,0.347685259,36.90127054
S150,wt,G05,5,0.412798143,43.81196947
S150,bglu28bglu30,G05,1,0.565093734,59.97572865
S150,bglu28bglu30,G05,2,0.387633799,41.14117391
S150,bglu28bglu30,G05,3,0.583231892,61.90080616
S150,bglu28bglu30,G05,4,0.42123588,44.70750127
S150,bglu28bglu30,G05,5,0.584185224,62.00198727
S15,wt,G05,1,0.000257207,0.027298447
S15,wt,G05,2,0.000239937,0.025465502
S15,wt,G05,3,0.000253091,0.026861599
S15,wt,G05,4,0.000258884,0.027476461
S15,wt,G05,5,0.000244275,0.025925874
S15,bglu28bglu30,G05,1,0.390225459,41.41623741
S15,bglu28bglu30,G05,2,0.230639598,24.47873181
S15,bglu28bglu30,G05,3,0.256475577,27.2208108
S15,bglu28bglu30,G05,4,0.17425548,18.49445279
S15,bglu28bglu30,G05,5,0.26962767,28.61669665
S0,wt,G05,1,0.006859017,0.727975736
S0,wt,G05,2,0.000247756,0.026295341
S0,wt,G05,3,0.000256912,0.027267119
S0,wt,G05,4,0.000258917,0.027479905
S0,wt,G05,5,0.031692339,3.363638699
S0,bglu28bglu30,G05,1,0.311075079,33.01568119
S0,bglu28bglu30,G05,2,0.221113596,23.46769789
S0,bglu28bglu30,G05,3,0.291540322,30.94237687
S0,bglu28bglu30,G05,4,0.143135367,15.19154689
S0,bglu28bglu30,G05,5,0.232765504,24.70436293
S1500,wt,G06,1,4.843818701,91.47431376
S1500,wt,G06,2,5.673759501,107.1475398
S1500,wt,G06,3,5.930589173,111.9977044
S1500,wt,G06,4,4.994644422,94.32262008
S1500,wt,G06,5,5.033575406,95.05782205
S1500,bglu28bglu30,G06,1,5.206309099,98.31985496
S1500,bglu28bglu30,G06,2,6.10771943,115.3427653
S1500,bglu28bglu30,G06,3,6.541552373,123.5355927
S1500,bglu28bglu30,G06,4,5.805454954,109.6345757
S1500,bglu28bglu30,G06,5,5.110729797,96.51486356
S150,wt,G06,1,4.024400452,75.99980354
S150,wt,G06,2,1.842902478,34.80275582
S150,wt,G06,3,1.950449659,36.83375764
S150,wt,G06,4,2.178828246,41.14663058
S150,wt,G06,5,2.3600644,44.56923034
S150,bglu28bglu30,G06,1,2.744619914,51.83146577
S150,bglu28bglu30,G06,2,1.944771798,36.72653264
S150,bglu28bglu30,G06,3,3.313356678,62.57191838
S150,bglu28bglu30,G06,4,2.20002871,41.54699606
S150,bglu28bglu30,G06,5,3.282667201,61.99235523
S15,wt,G06,1,0.000257207,0.004857292
S15,wt,G06,2,0.021881053,0.413218257
S15,wt,G06,3,0.01317997,0.248900467
S15,wt,G06,4,0.000258884,0.004888966
S15,wt,G06,5,0.01505831,0.284372438
S15,bglu28bglu30,G06,1,0.868498153,16.40137203
S15,bglu28bglu30,G06,2,0.802433152,15.15375088
S15,bglu28bglu30,G06,3,0.67583392,12.76295582
S15,bglu28bglu30,G06,4,0.530779417,10.02363754
S15,bglu28bglu30,G06,5,0.599398372,11.31948946
S0,wt,G06,1,0.038890698,0.734441178
S0,wt,G06,2,0.016982171,0.320704088
S0,wt,G06,3,0.024332639,0.459515852
S0,wt,G06,4,0.000258917,0.004889579
S0,wt,G06,5,0.084443955,1.594703128
S0,bglu28bglu30,G06,1,0.480766515,9.079156294
S0,bglu28bglu30,G06,2,0.55287971,10.44099609
S0,bglu28bglu30,G06,3,0.835729457,15.78254333
S0,bglu28bglu30,G06,4,0.270280869,5.104187112
S0,bglu28bglu30,G06,5,0.510898687,9.648194878
S1500,wt,G07,1,0.105400702,126.4499774
S1500,wt,G07,2,0.07497568,89.94886086
S1500,wt,G07,3,0.064302741,77.14445933
S1500,wt,G07,4,0.068258464,81.89016851
S1500,wt,G07,5,0.103830783,124.5665339
S1500,bglu28bglu30,G07,1,0.074155775,88.96521446
S1500,bglu28bglu30,G07,2,0.083993549,100.7676622
S1500,bglu28bglu30,G07,3,0.056686361,68.0070334
S1500,bglu28bglu30,G07,4,0.092987484,111.5577502
S1500,bglu28bglu30,G07,5,0.082013486,98.39216701
S150,wt,G07,1,0.024257246,29.10159159
S150,wt,G07,2,0.00025583,0.306921572
S150,wt,G07,3,0.008057542,9.666691403
S150,wt,G07,4,0.007976159,9.569055206
S150,wt,G07,5,0.002706348,3.24682459
S150,bglu28bglu30,G07,1,0.117643376,141.137601
S150,bglu28bglu30,G07,2,0.053506629,64.19228589
S150,bglu28bglu30,G07,3,0.026907561,32.28119331
S150,bglu28bglu30,G07,4,0.029096471,34.90724456
S150,bglu28bglu30,G07,5,0.042655852,51.17453135
S15,wt,G07,1,0.000257207,0.308573165
S15,wt,G07,2,0.000239937,0.287854117
S15,wt,G07,3,0.000253091,0.303635163
S15,wt,G07,4,0.000258884,0.310585383
S15,wt,G07,5,0.000244275,0.293058024
S15,bglu28bglu30,G07,1,0.000244681,0.293545551
S15,bglu28bglu30,G07,2,0.00023777,0.285254563
S15,bglu28bglu30,G07,3,0.003608935,4.329665404
S15,bglu28bglu30,G07,4,0.000260343,0.312335774
S15,bglu28bglu30,G07,5,0.005228298,6.272426078
S0,wt,G07,1,0.000232937,0.279456205
S0,wt,G07,2,0.000247756,0.297234368
S0,wt,G07,3,0.000256912,0.308219039
S0,wt,G07,4,0.000258917,0.310624304
S0,wt,G07,5,0.000256702,0.307967357
S0,bglu28bglu30,G07,1,0.000245596,0.294643321
S0,bglu28bglu30,G07,2,0.000236933,0.284250517
S0,bglu28bglu30,G07,3,0.000243653,0.292312133
S0,bglu28bglu30,G07,4,0.000252994,0.303518477
S0,bglu28bglu30,G07,5,0.000256627,0.307877101
S1500,wt,G08,1,3.580834083,91.64215877
S1500,wt,G08,2,3.254308939,83.2855948
S1500,wt,G08,3,3.403701617,87.10891282
S1500,wt,G08,4,5.020101941,128.4764858
S1500,wt,G08,5,4.278099095,109.4868479
S1500,bglu28bglu30,G08,1,5.69970248,145.8690985
S1500,bglu28bglu30,G08,2,6.872188994,175.8758491
S1500,bglu28bglu30,G08,3,3.977451884,101.7925625
S1500,bglu28bglu30,G08,4,5.3872134,137.8717512
S1500,bglu28bglu30,G08,5,5.262739469,134.6861638
S150,wt,G08,1,1.899057908,48.60146052
S150,wt,G08,2,0.298059079,7.628048878
S150,wt,G08,3,0.562108901,14.38571907
S150,wt,G08,4,1.184630974,30.31755654
S150,wt,G08,5,1.072055853,27.43648837
S150,bglu28bglu30,G08,1,8.201406168,209.8937144
S150,bglu28bglu30,G08,2,6.726628474,172.1506052
S150,bglu28bglu30,G08,3,3.510772183,89.8491062
S150,bglu28bglu30,G08,4,5.356772538,137.0926963
S150,bglu28bglu30,G08,5,5.311229835,135.927149
S15,wt,G08,1,0.000257207,0.006582548
S15,wt,G08,2,0.000239937,0.006140565
S15,wt,G08,3,0.000253091,0.006477209
S15,wt,G08,4,0.000258884,0.006625473
S15,wt,G08,5,0.000244275,0.006251575
S15,bglu28bglu30,G08,1,2.307790717,59.0619164
S15,bglu28bglu30,G08,2,4.611326324,118.0149343
S15,bglu28bglu30,G08,3,2.912805786,74.54570755
S15,bglu28bglu30,G08,4,3.228471447,82.62435122
S15,bglu28bglu30,G08,5,4.719839215,120.7920402
S0,wt,G08,1,0.005176757,0.132485672
S0,wt,G08,2,0.005664998,0.144980915
S0,wt,G08,3,0.002237369,0.057259645
S0,wt,G08,4,0.005128662,0.131254804
S0,wt,G08,5,0.031494948,0.806031497
S0,bglu28bglu30,G08,1,3.108456314,79.55287522
S0,bglu28bglu30,G08,2,3.502481319,89.63692304
S0,bglu28bglu30,G08,3,6.908696155,176.8101552
S0,bglu28bglu30,G08,4,3.743297574,95.79999035
S0,bglu28bglu30,G08,5,2.502993334,64.05762099
S1500,wt,G09,1,0.728258275,100.0424954
S1500,wt,G09,2,0.625912017,85.98295717
S1500,wt,G09,3,0.720299393,98.94916566
S1500,wt,G09,4,0.838692813,115.213139
S1500,wt,G09,5,0.726582154,99.81224282
S1500,bglu28bglu30,G09,1,0.807999198,110.9966872
S1500,bglu28bglu30,G09,2,1.197743729,164.5367798
S1500,bglu28bglu30,G09,3,0.872507606,119.858354
S1500,bglu28bglu30,G09,4,0.937729035,128.81797
S1500,bglu28bglu30,G09,5,0.79439708,109.1281334
S150,wt,G09,1,0.443747712,60.95863236
S150,wt,G09,2,0.113784155,15.63078814
S150,wt,G09,3,0.136824874,18.7959441
S150,wt,G09,4,0.264525914,36.33852642
S150,wt,G09,5,0.237881323,32.67829824
S150,bglu28bglu30,G09,1,0.729427104,100.20306
S150,bglu28bglu30,G09,2,0.617037218,84.7638058
S150,bglu28bglu30,G09,3,0.551903462,75.81623365
S150,bglu28bglu30,G09,4,0.662577929,91.01983682
S150,bglu28bglu30,G09,5,0.690184714,94.81224366
S15,wt,G09,1,0.000257207,0.03533312
S15,wt,G09,2,0.000239937,0.032960689
S15,wt,G09,3,0.000253091,0.034767695
S15,wt,G09,4,0.000258884,0.035563529
S15,wt,G09,5,0.000244275,0.033556561
S15,bglu28bglu30,G09,1,0.264816903,36.37850015
S15,bglu28bglu30,G09,2,0.630948201,86.6747892
S15,bglu28bglu30,G09,3,0.480940342,66.06786845
S15,bglu28bglu30,G09,4,0.5547504,76.20732405
S15,bglu28bglu30,G09,5,0.763081041,104.8261779
S0,wt,G09,1,0.000232937,0.031999087
S0,wt,G09,2,0.000247756,0.034034773
S0,wt,G09,3,0.000256912,0.035292571
S0,wt,G09,4,0.000258917,0.035567985
S0,wt,G09,5,0.000256702,0.035263752
S0,bglu28bglu30,G09,1,0.512902388,70.45856737
S0,bglu28bglu30,G09,2,0.645980498,88.73981009
S0,bglu28bglu30,G09,3,0.971204613,133.4165862
S0,bglu28bglu30,G09,4,0.820666482,112.7368209
S0,bglu28bglu30,G09,5,0.429181889,58.95769208
S1500,wt,G10,1,0.897178988,95.9964058
S1500,wt,G10,2,0.805525539,86.18966506
S1500,wt,G10,3,0.933585841,99.89186819
S1500,wt,G10,4,1.104531361,118.1827062
S1500,wt,G10,5,0.932160456,99.73935478
S1500,bglu28bglu30,G10,1,0.887178693,94.92639369
S1500,bglu28bglu30,G10,2,1.266153196,135.475928
S1500,bglu28bglu30,G10,3,1.126311549,120.5131439
S1500,bglu28bglu30,G10,4,1.282911266,137.2690089
S1500,bglu28bglu30,G10,5,1.005475707,107.5839439
S150,wt,G10,1,0.683033846,73.08329232
S150,wt,G10,2,0.340834153,36.46859108
S150,wt,G10,3,0.409895512,43.85802212
S150,wt,G10,4,0.446394095,47.76329946
S150,wt,G10,5,0.49474215,52.93644724
S150,bglu28bglu30,G10,1,0.574492178,61.46954499
S150,bglu28bglu30,G10,2,0.501305882,53.6387538
S150,bglu28bglu30,G10,3,0.658039535,70.40894966
S150,bglu28bglu30,G10,4,0.587306676,62.84067135
S150,bglu28bglu30,G10,5,0.680320913,72.7930137
S15,wt,G10,1,0.000257207,0.027520656
S15,wt,G10,2,0.000239937,0.02567279
S15,wt,G10,3,0.000253091,0.027080251
S15,wt,G10,4,0.000258884,0.027700119
S15,wt,G10,5,0.000244275,0.02613691
S15,bglu28bglu30,G10,1,0.11963751,12.80098075
S15,bglu28bglu30,G10,2,0.23804835,25.47071018
S15,bglu28bglu30,G10,3,0.157027084,16.80159243
S15,bglu28bglu30,G10,4,0.273307921,29.2434157
S15,bglu28bglu30,G10,5,0.22557861,24.13647232
S0,wt,G10,1,0.000232937,0.024923807
S0,wt,G10,2,0.000247756,0.026509385
S0,wt,G10,3,0.000256912,0.027489073
S0,wt,G10,4,0.000258917,0.027703591
S0,wt,G10,5,0.000256702,0.027466626
S0,bglu28bglu30,G10,1,0.166842964,17.85187243
S0,bglu28bglu30,G10,2,0.194450881,20.80586587
S0,bglu28bglu30,G10,3,0.374947706,40.11867487
S0,bglu28bglu30,G10,4,0.188713137,20.1919384
S0,bglu28bglu30,G10,5,0.172298771,18.43563321
S1500,wt,G11,1,4.415610701,91.11905316
S1500,wt,G11,2,4.12128094,85.04536348
S1500,wt,G11,3,5.370879148,110.8316507
S1500,wt,G11,4,5.681958688,117.2509831
S1500,wt,G11,5,4.640168375,95.75294958
S1500,bglu28bglu30,G11,1,4.814644231,99.3533745
S1500,bglu28bglu30,G11,2,6.610795682,136.4181501
S1500,bglu28bglu30,G11,3,5.876214676,121.2595842
S1500,bglu28bglu30,G11,4,6.557835432,135.3252802
S1500,bglu28bglu30,G11,5,5.100900191,105.260456
S150,wt,G11,1,3.277571769,67.63486559
S150,wt,G11,2,1.636566045,33.77162493
S150,wt,G11,3,1.969329544,40.63842028
S150,wt,G11,4,2.235025043,46.12122298
S150,wt,G11,5,2.622359892,54.11413428
S150,bglu28bglu30,G11,1,2.856255927,58.94073397
S150,bglu28bglu30,G11,2,2.263551303,46.70988126
S150,bglu28bglu30,G11,3,3.281009986,67.70581548
S150,bglu28bglu30,G11,4,3.149133323,64.98445314
S150,bglu28bglu30,G11,5,3.553297442,73.32464758
S15,wt,G11,1,0.000257207,0.005307638
S15,wt,G11,2,0.000239937,0.004951259
S15,wt,G11,3,0.000253091,0.005222702
S15,wt,G11,4,0.000258884,0.00534225
S15,wt,G11,5,0.000244275,0.005040769
S15,bglu28bglu30,G11,1,0.81490445,16.81609338
S15,bglu28bglu30,G11,2,1.499582866,30.94488625
S15,bglu28bglu30,G11,3,1.055799652,21.78712554
S15,bglu28bglu30,G11,4,1.851140261,38.19950609
S15,bglu28bglu30,G11,5,1.66826731,34.42580155
S0,wt,G11,1,0.000232937,0.00480681
S0,wt,G11,2,0.002215184,0.045711796
S0,wt,G11,3,0.000256912,0.005301547
S0,wt,G11,4,0.000258917,0.005342919
S0,wt,G11,5,0.000256702,0.005297218
S0,bglu28bglu30,G11,1,1.13981905,23.52092148
S0,bglu28bglu30,G11,2,1.209396157,24.95669119
S0,bglu28bglu30,G11,3,2.476879898,51.11205819
S0,bglu28bglu30,G11,4,1.157358603,23.88286179
S0,bglu28bglu30,G11,5,1.237319296,25.53290368
S1500,wt,G12,1,21.1838975,96.02534863
S1500,wt,G12,2,18.62901175,84.44420334
S1500,wt,G12,3,23.97449573,108.6749646
S1500,wt,G12,4,23.63324198,107.1280816
S1500,wt,G12,5,22.88302702,103.7274018
S1500,bglu28bglu30,G12,1,21.97436772,99.60850318
S1500,bglu28bglu30,G12,2,27.68529414,125.4957933
S1500,bglu28bglu30,G12,3,26.60565392,120.6018483
S1500,bglu28bglu30,G12,4,29.4779514,133.6218022
S1500,bglu28bglu30,G12,5,22.292483,101.0505008
S150,wt,G12,1,17.66117724,80.05706702
S150,wt,G12,2,11.59915622,52.57828593
S150,wt,G12,3,14.26323041,64.65437592
S150,wt,G12,4,14.41266577,65.33175755
S150,wt,G12,5,14.31726986,64.89933354
S150,bglu28bglu30,G12,1,13.92079143,63.10212039
S150,bglu28bglu30,G12,2,10.64778843,48.26579227
S150,bglu28bglu30,G12,3,17.50257417,79.33812874
S150,bglu28bglu30,G12,4,15.78799257,71.56603221
S150,bglu28bglu30,G12,5,18.44121991,83.5929541
S15,wt,G12,1,0.041899032,0.189925822
S15,wt,G12,2,0.036621102,0.166001279
S15,wt,G12,3,0.057291718,0.259699954
S15,wt,G12,4,0.034197584,0.155015617
S15,wt,G12,5,0.045660791,0.206977652
S15,bglu28bglu30,G12,1,2.072504364,9.394539135
S15,bglu28bglu30,G12,2,4.457539938,20.20576367
S15,bglu28bglu30,G12,3,2.46417061,11.16993895
S15,bglu28bglu30,G12,4,5.084967866,23.04985719
S15,bglu28bglu30,G12,5,4.185069392,18.97067088
S0,wt,G12,1,0.025973409,0.117735919
S0,wt,G12,2,0.001099788,0.004985273
S0,wt,G12,3,0.025569927,0.115906959
S0,wt,G12,4,0.03463685,0.157006782
S0,wt,G12,5,0.033015998,0.149659558
S0,bglu28bglu30,G12,1,1.852798088,8.39862364
S0,bglu28bglu30,G12,2,2.446063804,11.08786188
S0,bglu28bglu30,G12,3,5.429684087,24.61243534
S0,bglu28bglu30,G12,4,2.427428981,11.00339133
S0,bglu28bglu30,G12,5,2.622635312,11.88825003
S1500,wt,G13,1,0.074448323,96.67566508
S1500,wt,G13,2,0.071871818,93.3299169
S1500,wt,G13,3,0.059699788,77.52379773
S1500,wt,G13,4,0.08959354,116.3426481
S1500,wt,G13,5,0.089428221,116.1279722
S1500,bglu28bglu30,G13,1,0.174392411,226.4591286
S1500,bglu28bglu30,G13,2,0.142367161,184.8723982
S1500,bglu28bglu30,G13,3,0.129796328,168.5484083
S1500,bglu28bglu30,G13,4,0.088439661,114.8442664
S1500,bglu28bglu30,G13,5,0.093208738,121.0372025
S150,wt,G13,1,0.064682149,83.99369555
S150,wt,G13,2,0.011390081,14.79071185
S150,wt,G13,3,0.009095722,11.81134665
S150,wt,G13,4,0.021674547,28.14571481
S150,wt,G13,5,0.018031535,23.415043
S150,bglu28bglu30,G13,1,0.273455303,355.0983045
S150,bglu28bglu30,G13,2,0.199759043,259.3992392
S150,bglu28bglu30,G13,3,0.083782253,108.7963392
S150,bglu28bglu30,G13,4,0.149258041,193.8206236
S150,bglu28bglu30,G13,5,0.129513658,168.1813438
S15,wt,G13,1,0.000257207,0.333998989
S15,wt,G13,2,0.000239937,0.311572732
S15,wt,G13,3,0.000253091,0.328654106
S15,wt,G13,4,0.002794812,3.629232522
S15,wt,G13,5,0.000244275,0.317205431
S15,bglu28bglu30,G13,1,0.379296215,492.5391521
S15,bglu28bglu30,G13,2,0.266832853,346.4986516
S15,bglu28bglu30,G13,3,0.326779825,424.3434333
S15,bglu28bglu30,G13,4,0.295693752,383.9762804
S15,bglu28bglu30,G13,5,0.357659937,464.4431319
S0,wt,G13,1,0.00378122,4.910143581
S0,wt,G13,2,0.000247756,0.321725897
S0,wt,G13,3,0.00278364,3.614725933
S0,wt,G13,4,0.002784961,3.616440288
S0,wt,G13,5,0.028122152,36.51832118
S0,bglu28bglu30,G13,1,0.463271334,601.5859402
S0,bglu28bglu30,G13,2,0.517943239,672.5807266
S0,bglu28bglu30,G13,3,0.556104419,722.1353341
S0,bglu28bglu30,G13,4,0.480410614,623.8423351
S0,bglu28bglu30,G13,5,0.624785024,811.3212671
S1500,wt,G14,1,0.46542915,110.0922406
S1500,wt,G14,2,0.387380275,91.63062184
S1500,wt,G14,3,0.3444573,81.47765546
S1500,wt,G14,4,0.458166795,108.374409
S1500,wt,G14,5,0.458380984,108.4250731
S1500,bglu28bglu30,G14,1,0.406501265,96.15348566
S1500,bglu28bglu30,G14,2,0.371166025,87.79531605
S1500,bglu28bglu30,G14,3,0.340614865,80.56876911
S1500,bglu28bglu30,G14,4,0.294774336,69.72568673
S1500,bglu28bglu30,G14,5,0.312644504,73.95268199
S150,wt,G14,1,0.399175623,94.42068411
S150,wt,G14,2,0.072404175,17.12642596
S150,wt,G14,3,0.066963295,15.83944445
S150,wt,G14,4,0.140837749,33.31364912
S150,wt,G14,5,0.183025408,43.29268426
S150,bglu28bglu30,G14,1,0.656153817,155.2061014
S150,bglu28bglu30,G14,2,0.491139444,116.173733
S150,bglu28bglu30,G14,3,0.423590304,100.1957133
S150,bglu28bglu30,G14,4,0.447040264,105.7425481
S150,bglu28bglu30,G14,5,0.550394283,130.1898256
S15,wt,G14,1,0.000257207,0.060839556
S15,wt,G14,2,0.000239937,0.056754503
S15,wt,G14,3,0.000253091,0.059865959
S15,wt,G14,4,0.000258884,0.061236293
S15,wt,G14,5,0.003449646,0.815976596
S15,bglu28bglu30,G14,1,0.686912087,162.4816381
S15,bglu28bglu30,G14,2,0.795391969,188.1413831
S15,bglu28bglu30,G14,3,0.49513259,117.1182687
S15,bglu28bglu30,G14,4,0.811231837,191.8881328
S15,bglu28bglu30,G14,5,0.696694211,164.7954941
S0,wt,G14,1,0.005558576,1.314821135
S0,wt,G14,2,0.000247756,0.058603952
S0,wt,G14,3,0.000256912,0.060769735
S0,wt,G14,4,0.000258917,0.061243967
S0,wt,G14,5,0.014308652,3.38455726
S0,bglu28bglu30,G14,1,0.800151754,189.2672588
S0,bglu28bglu30,G14,2,0.770925731,182.3541588
S0,bglu28bglu30,G14,3,0.805430122,190.5157998
S0,bglu28bglu30,G14,4,0.467361598,110.5493404
S0,bglu28bglu30,G14,5,0.889708467,210.4509324
S1500,wt,G15,1,1.141769364,81.26750791
S1500,wt,G15,2,1.335242225,95.03829013
S1500,wt,G15,3,1.353082506,96.30810459
S1500,wt,G15,4,1.597505842,113.7053794
S1500,wt,G15,5,1.597159362,113.680718
S1500,bglu28bglu30,G15,1,1.795134107,127.7719301
S1500,bglu28bglu30,G15,2,2.25981739,160.8466065
S1500,bglu28bglu30,G15,3,1.803686764,128.3806809
S1500,bglu28bglu30,G15,4,1.689643911,120.2634738
S1500,bglu28bglu30,G15,5,2.05388336,146.188878
S150,wt,G15,1,1.527469375,108.7204067
S150,wt,G15,2,0.755183987,53.75159172
S150,wt,G15,3,0.811500146,57.75999658
S150,wt,G15,4,0.931780545,66.32117243
S150,wt,G15,5,1.009012777,71.81831675
S150,bglu28bglu30,G15,1,2.242184247,159.5915356
S150,bglu28bglu30,G15,2,1.548349819,110.2066101
S150,bglu28bglu30,G15,3,1.502672901,106.9554726
S150,bglu28bglu30,G15,4,2.113032899,150.3989538
S150,bglu28bglu30,G15,5,1.797542507,127.9433523
S15,wt,G15,1,0.000257207,0.01830718
S15,wt,G15,2,0.000239937,0.01707795
S15,wt,G15,3,0.000253091,0.018014216
S15,wt,G15,4,0.000258884,0.018426562
S15,wt,G15,5,0.000244275,0.01738669
S15,bglu28bglu30,G15,1,1.154890415,82.20142255
S15,bglu28bglu30,G15,2,0.929730064,66.17522567
S15,bglu28bglu30,G15,3,1.164982743,82.91976235
S15,bglu28bglu30,G15,4,1.052422345,74.90807161
S15,bglu28bglu30,G15,5,1.89111601,134.6036163
S0,wt,G15,1,0.020968524,1.492472785
S0,wt,G15,2,0.000247756,0.017634467
S0,wt,G15,3,0.000256912,0.018286171
S0,wt,G15,4,0.000258917,0.018428871
S0,wt,G15,5,0.06337667,4.510949564
S0,bglu28bglu30,G15,1,1.322603652,94.13871677
S0,bglu28bglu30,G15,2,1.070604213,76.20219907
S0,bglu28bglu30,G15,3,1.417139861,100.8675031
S0,bglu28bglu30,G15,4,1.119213968,79.6620867
S0,bglu28bglu30,G15,5,1.066738642,75.92706004
S1500,wt,G16,1,2.261629439,103.3597341
S1500,wt,G16,2,1.986648312,90.79269917
S1500,wt,G16,3,2.011918867,91.94760007
S1500,wt,G16,4,2.229677059,101.8994641
S1500,wt,G16,5,2.450699354,112.0005025
S1500,bglu28bglu30,G16,1,1.697176241,77.56340714
S1500,bglu28bglu30,G16,2,1.806058375,82.53947803
S1500,bglu28bglu30,G16,3,1.563320057,71.44598609
S1500,bglu28bglu30,G16,4,1.479603926,67.62003789
S1500,bglu28bglu30,G16,5,1.595882906,72.93415536
S150,wt,G16,1,2.126760787,97.1960418
S150,wt,G16,2,0.880916446,40.25915477
S150,wt,G16,3,0.864301476,39.49982661
S150,wt,G16,4,1.115740528,50.99095469
S150,wt,G16,5,1.068694828,48.84089823
S150,bglu28bglu30,G16,1,0.950355804,43.43263382
S150,bglu28bglu30,G16,2,0.950584219,43.44307269
S150,bglu28bglu30,G16,3,0.917445842,41.92860096
S150,bglu28bglu30,G16,4,0.921772543,42.12633746
S150,bglu28bglu30,G16,5,0.867428496,39.64273597
S15,wt,G16,1,0.000257207,0.011754735
S15,wt,G16,2,0.000239937,0.010965467
S15,wt,G16,3,0.000253091,0.011566627
S15,wt,G16,4,0.000258884,0.011831388
S15,wt,G16,5,0.000244275,0.011163704
S15,bglu28bglu30,G16,1,0.328964065,15.03413321
S15,bglu28bglu30,G16,2,0.477133378,21.80568496
S15,bglu28bglu30,G16,3,0.18777664,8.581663837
S15,bglu28bglu30,G16,4,0.41139325,18.80126609
S15,bglu28bglu30,G16,5,0.527525216,24.1086648
S0,wt,G16,1,0.018245956,0.833866575
S0,wt,G16,2,0.000247756,0.011322797
S0,wt,G16,3,0.000256912,0.011741245
S0,wt,G16,4,0.000258917,0.011832871
S0,wt,G16,5,0.036153411,1.652263151
S0,bglu28bglu30,G16,1,0.388912862,17.77387988
S0,bglu28bglu30,G16,2,0.726996269,33.22478023
S0,bglu28bglu30,G16,3,1.288993053,58.90884552
S0,bglu28bglu30,G16,4,0.11758317,5.373720833
S0,bglu28bglu30,G16,5,0.23465012,10.72384963
S1500,wt,G17,1,0.17446231,101.8219956
S1500,wt,G17,2,0.185696273,108.3785093
S1500,wt,G17,3,0.145990303,85.20478709
S1500,wt,G17,4,0.143814134,83.93470226
S1500,wt,G17,5,0.20673945,120.6600057
S1500,bglu28bglu30,G17,1,0.163988717,95.70925909
S1500,bglu28bglu30,G17,2,0.22111439,129.0496982
S1500,bglu28bglu30,G17,3,0.283079644,165.2146768
S1500,bglu28bglu30,G17,4,0.222139749,129.6481317
S1500,bglu28bglu30,G17,5,0.22992243,134.1903626
S150,wt,G17,1,0.115818704,67.59564036
S150,wt,G17,2,0.021726525,12.68032133
S150,wt,G17,3,0.037672041,21.98665362
S150,wt,G17,4,0.054081437,31.56372195
S150,wt,G17,5,0.036825597,21.49264073
S150,bglu28bglu30,G17,1,0.109968237,64.18111326
S150,bglu28bglu30,G17,2,0.053506794,31.22834105
S150,bglu28bglu30,G17,3,0.075703547,44.18310287
S150,bglu28bglu30,G17,4,0.085313741,49.7919313
S150,bglu28bglu30,G17,5,0.102326494,59.72113888
S15,wt,G17,1,0.000257207,0.150114584
S15,wt,G17,2,0.000239937,0.140035188
S15,wt,G17,3,0.000253091,0.147712347
S15,wt,G17,4,0.000258884,0.151093487
S15,wt,G17,5,0.000244275,0.142566783
S15,bglu28bglu30,G17,1,0.044574762,26.0153105
S15,bglu28bglu30,G17,2,0.047072785,27.47323988
S15,bglu28bglu30,G17,3,0.058218574,33.97829261
S15,bglu28bglu30,G17,4,0.055955595,32.65754257
S15,bglu28bglu30,G17,5,0.080121867,46.76178105
S0,wt,G17,1,0.000232937,0.135949774
S0,wt,G17,2,0.000247756,0.144598489
S0,wt,G17,3,0.000256912,0.149942309
S0,wt,G17,4,0.000258917,0.151112422
S0,wt,G17,5,0.000256702,0.149819871
S0,bglu28bglu30,G17,1,0.058708381,34.26415997
S0,bglu28bglu30,G17,2,0.064408408,37.59088523
S0,bglu28bglu30,G17,3,0.097841381,57.10347808
S0,bglu28bglu30,G17,4,0.085437019,49.86388035
S0,bglu28bglu30,G17,5,0.040197649,23.46068225
S1500,wt,G18,1,5.120366188,91.17316691
S1500,wt,G18,2,5.902951317,105.1078665
S1500,wt,G18,3,5.865744733,104.4453666
S1500,wt,G18,4,6.040301447,107.5535209
S1500,wt,G18,5,5.151081261,91.72007905
S1500,bglu28bglu30,G18,1,5.427931398,96.64966863
S1500,bglu28bglu30,G18,2,6.56925098,116.9719887
S1500,bglu28bglu30,G18,3,7.215536327,128.4797364
S1500,bglu28bglu30,G18,4,6.254172667,111.3617088
S1500,bglu28bglu30,G18,5,5.059804286,90.09480256
S150,wt,G18,1,4.653940558,82.86799883
S150,wt,G18,2,1.24889574,22.23781964
S150,wt,G18,3,2.160680561,38.47304709
S150,wt,G18,4,2.104608085,37.47462137
S150,wt,G18,5,2.370140843,42.20269386
S150,bglu28bglu30,G18,1,2.357897683,41.98469232
S150,bglu28bglu30,G18,2,1.263662244,22.5007518
S150,bglu28bglu30,G18,3,3.135077345,55.82314225
S150,bglu28bglu30,G18,4,2.274965195,40.50799764
S150,bglu28bglu30,G18,5,3.333092283,59.34899339
S15,wt,G18,1,0.003383816,0.060252183
S15,wt,G18,2,0.011048138,0.196722992
S15,wt,G18,3,0.001676475,0.029851294
S15,wt,G18,4,0.006103198,0.108673456
S15,wt,G18,5,0.007873704,0.140199063
S15,bglu28bglu30,G18,1,0.014409509,0.256575509
S15,bglu28bglu30,G18,2,0.101325991,1.804209141
S15,bglu28bglu30,G18,3,0.026277036,0.46788853
S15,bglu28bglu30,G18,4,0.019469777,0.346678569
S15,bglu28bglu30,G18,5,0.030583791,0.544574546
S0,wt,G18,1,0.009159316,0.163090655
S0,wt,G18,2,0.00405923,0.0722786
S0,wt,G18,3,0.005914883,0.105320313
S0,wt,G18,4,0.005115419,0.091085071
S0,wt,G18,5,0.025493086,0.453929528
S0,bglu28bglu30,G18,1,0.01440961,0.256577317
S0,bglu28bglu30,G18,2,0.09823987,1.749257721
S0,bglu28bglu30,G18,3,0.292906119,5.215482151
S0,bglu28bglu30,G18,4,0.014145642,0.251877107
S0,bglu28bglu30,G18,5,0.041529671,0.739476721
S1500,wt,G19,1,15.8572774,82.27394733
S1500,wt,G19,2,19.71764376,102.3030842
S1500,wt,G19,3,20.46032896,106.1564343
S1500,wt,G19,4,18.91949426,98.16196282
S1500,wt,G19,5,21.41402066,111.1045713
S1500,bglu28bglu30,G19,1,18.55098738,96.25000057
S1500,bglu28bglu30,G19,2,25.22291372,130.8666439
S1500,bglu28bglu30,G19,3,21.70943811,112.6373161
S1500,bglu28bglu30,G19,4,23.51975927,122.0299921
S1500,bglu28bglu30,G19,5,21.59218599,112.0289649
S150,wt,G19,1,23.25589165,120.6609405
S150,wt,G19,2,19.86768579,103.0815627
S150,wt,G19,3,23.15297099,120.1269467
S150,wt,G19,4,21.44884068,111.2852316
S150,wt,G19,5,23.02877471,119.4825663
S150,bglu28bglu30,G19,1,20.19618207,104.7859338
S150,bglu28bglu30,G19,2,19.74638247,102.4521922
S150,bglu28bglu30,G19,3,25.63864646,133.0236329
S150,bglu28bglu30,G19,4,21.71681448,112.6755877
S150,bglu28bglu30,G19,5,25.91558644,134.4605092
S15,wt,G19,1,0.013893812,0.072086695
S15,wt,G19,2,0.051852302,0.269030642
S15,wt,G19,3,0.022158629,0.114967899
S15,wt,G19,4,0.024650966,0.127899147
S15,wt,G19,5,0.084117435,0.436435159
S15,bglu28bglu30,G19,1,2.375387592,12.32446836
S15,bglu28bglu30,G19,2,2.501375358,12.97814368
S15,bglu28bglu30,G19,3,0.639198551,3.316419746
S15,bglu28bglu30,G19,4,2.845054186,14.76128798
S15,bglu28bglu30,G19,5,2.781700776,14.43258495
S0,wt,G19,1,0.000232937,0.001208571
S0,wt,G19,2,0.000247756,0.001285457
S0,wt,G19,3,0.000256912,0.001332962
S0,wt,G19,4,0.000258917,0.001343365
S0,wt,G19,5,0.000256702,0.001331874
S0,bglu28bglu30,G19,1,0.444472088,2.306100361
S0,bglu28bglu30,G19,2,0.56249849,2.918468911
S0,bglu28bglu30,G19,3,1.215121635,6.304540868
S0,bglu28bglu30,G19,4,0.861931668,4.472048947
S0,bglu28bglu30,G19,5,0.887763209,4.606073394
S1500,wt,G20,1,5.264624547,97.37125968
S1500,wt,G20,2,5.075408414,93.87163438
S1500,wt,G20,3,5.378252261,99.47284803
S1500,wt,G20,4,5.416478768,100.179862
S1500,wt,G20,5,5.899006367,109.1043959
S1500,bglu28bglu30,G20,1,5.990612409,110.7986849
S1500,bglu28bglu30,G20,2,7.568661185,139.9853051
S1500,bglu28bglu30,G20,3,7.241223833,133.9292251
S1500,bglu28bglu30,G20,4,6.047364188,111.848331
S1500,bglu28bglu30,G20,5,6.295554312,116.4387029
S150,wt,G20,1,7.583766739,140.2646882
S150,wt,G20,2,3.15539996,58.36033816
S150,wt,G20,3,4.618570919,85.42224887
S150,wt,G20,4,5.171268493,95.64460348
S150,wt,G20,5,4.675826171,86.48120683
S150,bglu28bglu30,G20,1,5.039790943,93.21287553
S150,bglu28bglu30,G20,2,3.659046025,67.67546622
S150,bglu28bglu30,G20,3,5.188843308,95.96965646
S150,bglu28bglu30,G20,4,5.12119506,94.71847603
S150,bglu28bglu30,G20,5,5.19329343,96.05196318
S15,wt,G20,1,0.064757281,1.197710873
S15,wt,G20,2,0.218784618,4.046505824
S15,wt,G20,3,0.156821045,2.90046565
S15,wt,G20,4,0.111238195,2.057393273
S15,wt,G20,5,0.375882228,6.952086657
S15,bglu28bglu30,G20,1,0.580381624,10.73438178
S15,bglu28bglu30,G20,2,0.9200036,17.01582109
S15,bglu28bglu30,G20,3,0.375946176,6.953269396
S15,bglu28bglu30,G20,4,0.70263336,12.99547475
S15,bglu28bglu30,G20,5,1.012740608,18.73102779
S0,wt,G20,1,0.124457781,2.301894616
S0,wt,G20,2,0.077194503,1.427742077
S0,wt,G20,3,0.096163663,1.778584006
S0,wt,G20,4,0.067286254,1.244485205
S0,wt,G20,5,0.103283579,1.910269599
S0,bglu28bglu30,G20,1,0.340562125,6.298827737
S0,bglu28bglu30,G20,2,0.291257305,5.386916094
S0,bglu28bglu30,G20,3,0.385657713,7.132888012
S0,bglu28bglu30,G20,4,0.303265948,5.609020562
S0,bglu28bglu30,G20,5,0.326675491,6.041989092
